Workbook

Sheet 首頁摘要
A1: 和美智慧校園｜員工主檔整理版
A3: 項目 | B3: 數量 | D3: 設計原則
A4: 員工總數 | B4: 30 | D4: 1 | E4: 生日只供慶生提醒；一般畫面只顯示月/日，不顯示年份與年齡。
A5: 在職員工 | B5: 30 | D5: 2 | E5: 廚工、清潔、戶外維護歸入庶務組。
A6: 管理首頁 | B6: 3 | D6: 3 | E6: 謝子元、吳玉瑩園長、謝秉儒主任進入管理首頁。
A7: 教保首頁 | B7: 24 | D7: 4 | E7: 幼兒部與安親部均可進教保首頁，但編組仍分開保留。
A8: 庶務首頁 | B8: 3 | D8: 5 | E8: 原始資料保留於「原始資料」工作表，方便追溯。
A9: LINE已綁定 | B9: 30 | D9: 6 | E9: 後續刷臉與帳密登入可依首頁類型導向。
A10: 生日已填 | B10: 1

Sheet 員工主檔
A1: 員工編號 | B1: 姓名 | C1: 登入帳號 | D1: 職稱 | E1: 身分類別 | F1: 編組 | G1: 首頁類型 | H1: 員工類型 | I1: 職務狀態 | J1: 到職日期 | K1: 生日 | L1: 生日顯示 | M1: 出勤規則 | N1: 請假規則 | O1: LINE狀態 | P1: 是否可登入 | Q1: 部門原始值 | R1: 直屬主管員編 | S1: 備註
A2: E08 | B2: 徐美惠 | C2: a550901g@yahoo.com.tw | D2: 教保員 | E2: 教保人員 | F2: 幼兒部 | G2: 教保首頁 | H2: 全職 | I2: 在職 | J2: 44771 | L2: =IF(ISBLANK(K2),"",MONTH(K2)&"月"&DAY(K2)&"日") | M2: 出勤規則(非固定時間,排班制) | N2: 正職人員休假規則 | O2: 已綁定 | P2: 是 | Q2: 幼兒部 | R2: 02
A3: O02 | B3: 羅易文 | C3: loyiwe67@yahoo.com | D3: 戶外維護 | E3: 庶務人員 | F3: 庶務組 | G3: 庶務首頁 | H3: 兼職 | I3: 在職 | J3: 45128 | L3: =IF(ISBLANK(K3),"",MONTH(K3)&"月"&DAY(K3)&"日") | M3: 時薪人員 | N3: 時薪人員 | O3: 已綁定 | P3: 是 | Q3: 行政部 | R3: 01 | S3: 由原行政部依職稱轉入庶務組
A4: P04 | B4: 王藝蓉 | C4: wang76920@yahoo.com.tw | D4: 教保員 | E4: 教保人員 | F4: 安親部 | G4: 教保首頁 | H4: 全職 | I4: 在職 | J4: 44483 | L4: =IF(ISBLANK(K4),"",MONTH(K4)&"月"&DAY(K4)&"日") | M4: 出勤規則(非固定時間,排班制) | N4: 正職人員休假規則 | O4: 已綁定 | P4: 是 | Q4: 安親部 | R4: 02
A5: O03 | B5: 劉淑娟 | C5: lsg53216@gmail.com | D5: 廚工 | E5: 庶務人員 | F5: 庶務組 | G5: 庶務首頁 | H5: 全職 | I5: 在職 | J5: 45689 | L5: =IF(ISBLANK(K5),"",MONTH(K5)&"月"&DAY(K5)&"日") | M5: 出勤規則(非固定時間,排班制) | N5: 正職人員休假規則 | O5: 已綁定 | P5: 是 | Q5: 行政部 | R5: 01 | S5: 由原行政部依職稱轉入庶務組
A6: O01 | B6: 謝惠珍 | C6: a0919951622@gmail.com | D6: 廚工 | E6: 庶務人員 | F6: 庶務組 | G6: 庶務首頁 | H6: 全職 | I6: 在職 | J6: 45128 | L6: =IF(ISBLANK(K6),"",MONTH(K6)&"月"&DAY(K6)&"日") | M6: 出勤規則(非固定時間,排班制) | N6: 正職人員休假規則 | O6: 已綁定 | P6: 是 | Q6: 行政部 | R6: 01 | S6: 由原行政部依職稱轉入庶務組
A7: E19 | B7: 張羽涵 | C7: hannah0126015@gmail.com | D7: 教保員 | E7: 教保人員 | F7: 幼兒部 | G7: 教保首頁 | H7: 全職 | I7: 在職 | J7: 45869 | L7: =IF(ISBLANK(K7),"",MONTH(K7)&"月"&DAY(K7)&"日") | M7: 出勤規則(非固定時間,排班制) | N7: 正職人員休假規則 | O7: 已綁定 | P7: 是 | Q7: 幼兒部
A8: E15 | B8: 陳子盼 | C8: chenzipan44@gmail.com | D8: 教保員 | E8: 教保人員 | F8: 幼兒部 | G8: 教保首頁 | H8: 全職 | I8: 在職 | J8: 45422 | L8: =IF(ISBLANK(K8),"",MONTH(K8)&"月"&DAY(K8)&"日") | M8: 出勤規則(非固定時間,排班制) | N8: 正職人員休假規則 | O8: 已綁定 | P8: 是 | Q8: 幼兒部 | R8: 02
A9: E03 | B9: 陳淑蓉 | C9: ss4563tw@gmail.com | D9: 教保員 | E9: 教保人員 | F9: 幼兒部 | G9: 教保首頁 | H9: 全職 | I9: 在職 | J9: 42948 | L9: =IF(ISBLANK(K9),"",MONTH(K9)&"月"&DAY(K9)&"日") | M9: 出勤規則(非固定時間,排班制) | N9: 正職人員休假規則 | O9: 已綁定 | P9: 是 | Q9: 幼兒部 | R9: 02
A10: 01 | B10: 謝子元 | C10: jack159966@gmail.com | D10: 負責人 | E10: 管理層 | F10: 行政組 | G10: 管理首頁 | H10: 全職 | I10: 在職 | J10: 34547 | L10: =IF(ISBLANK(K10),"",MONTH(K10)&"月"&DAY(K10)&"日") | M10: 出勤規則(每週固定時間上下班) | N10: 正職人員休假規則 | O10: 已綁定 | P10: 是 | S10: 無原部門；依職稱/管理身分歸行政組
A11: 02 | B11: 吳玉瑩 | C11: r89110041@yahoo.com.tw | D11: 園長 | E11: 管理層 | F11: 行政組 | G11: 管理首頁 | H11: 全職 | I11: 在職 | J11: 34547 | L11: =IF(ISBLANK(K11),"",MONTH(K11)&"月"&DAY(K11)&"日") | M11: 出勤規則(非固定時間,排班制) | N11: 正職人員休假規則 | O11: 已綁定 | P11: 是 | Q11: 行政部 | R11: 01
A12: E04 | B12: 呂昭慧 | C12: a0911208066@gmail.com | D12: 教保員 | E12: 教保人員 | F12: 幼兒部 | G12: 教保首頁 | H12: 全職 | I12: 在職 | J12: 36161 | L12: =IF(ISBLANK(K12),"",MONTH(K12)&"月"&DAY(K12)&"日") | M12: 出勤規則(非固定時間,排班制) | N12: 正職人員休假規則 | O12: 已綁定 | P12: 是 | Q12: 幼兒部 | R12: 02
A13: E01 | B13: 呂綉萍 | C13: d20016237@gmail.com | D13: 教學組長 | E13: 教保人員 | F13: 幼兒部 | G13: 教保首頁 | H13: 全職 | I13: 在職 | J13: 37500 | L13: =IF(ISBLANK(K13),"",MONTH(K13)&"月"&DAY(K13)&"日") | M13: 出勤規則(非固定時間,排班制) | N13: 正職人員休假規則 | O13: 已綁定 | P13: 是 | Q13: 幼兒部 | R13: 02
A14: E13 | B14: 林恬寧 | C14: a0955708342@gmail.com | D14: 教保員 | E14: 教保人員 | F14: 幼兒部 | G14: 教保首頁 | H14: 全職 | I14: 在職 | J14: 43320 | L14: =IF(ISBLANK(K14),"",MONTH(K14)&"月"&DAY(K14)&"日") | M14: 出勤規則(非固定時間,排班制) | N14: 正職人員休假規則 | O14: 已綁定 | P14: 是 | Q14: 幼兒部 | R14: 02
A15: E07 | B15: 許芸瑄 | C15: wandy91012349@gmail.com | D15: 教保員 | E15: 教保人員 | F15: 幼兒部 | G15: 教保首頁 | H15: 全職 | I15: 在職 | J15: 45474 | L15: =IF(ISBLANK(K15),"",MONTH(K15)&"月"&DAY(K15)&"日") | M15: 出勤規則(非固定時間,排班制) | N15: 正職人員休假規則 | O15: 已綁定 | P15: 是 | Q15: 幼兒部 | R15: 02
A16: 03 | B16: 謝秉儒 | C16: jm104032@gmail.com | D16: 主任 | E16: 管理層 | F16: 行政組 | G16: 管理首頁 | H16: 全職 | I16: 在職 | J16: 44044 | K16: 35342 | L16: =IF(ISBLANK(K16),"",MONTH(K16)&"月"&DAY(K16)&"日") -> 10月4日 | M16: 出勤規則(非固定時間,排班制) | N16: 正職人員休假規則 | O16: 已綁定 | P16: 是 | Q16: 行政部 | R16: 01
A17: E17 | B17: 唐巧羚 | C17: Cheer53141@gmail.com | D17: 教保員 | E17: 教保人員 | F17: 幼兒部 | G17: 教保首頁 | H17: 全職 | I17: 在職 | J17: 43246 | L17: =IF(ISBLANK(K17),"",MONTH(K17)&"月"&DAY(K17)&"日") | M17: 出勤規則(非固定時間,排班制) | N17: 正職人員休假規則 | O17: 已綁定 | P17: 是 | Q17: 幼兒部 | R17: 02
A18: E18 | B18: 張庭瑄 | C18: amy8558tw9@gmail.com | D18: 教保員 | E18: 教保人員 | F18: 幼兒部 | G18: 教保首頁 | H18: 全職 | I18: 在職 | J18: 43299 | L18: =IF(ISBLANK(K18),"",MONTH(K18)&"月"&DAY(K18)&"日") | M18: 出勤規則(非固定時間,排班制) | N18: 正職人員休假規則 | O18: 已綁定 | P18: 是 | Q18: 幼兒部 | R18: 02
A19: P03 | B19: 劉艾倫 | C19: a0981133103@gmail.com | D19: 教保員 | E19: 教保人員 | F19: 安親部 | G19: 教保首頁 | H19: 全職 | I19: 在職 | J19: 39295 | L19: =IF(ISBLANK(K19),"",MONTH(K19)&"月"&DAY(K19)&"日") | M19: 出勤規則(非固定時間,排班制) | N19: 正職人員休假規則 | O19: 已綁定 | P19: 是 | Q19: 安親部 | R19: 02
A20: P05 | B20: 許嘉芸 | C20: h1000110@yahoo.com.tw | D20: 教保員 | E20: 教保人員 | F20: 安親部 | G20: 教保首頁 | H20: 全職 | I20: 在職 | J20: 43678 | L20: =IF(ISBLANK(K20),"",MONTH(K20)&"月"&DAY(K20)&"日") | M20: 出勤規則(非固定時間,排班制) | N20: 正職人員休假規則 | O20: 已綁定 | P20: 是 | Q20: 安親部 | R20: 02
A21: E14 | B21: 許亞霖 | C21: xu6148610@gmail.com | D21: 教保員 | E21: 教保人員 | F21: 幼兒部 | G21: 教保首頁 | H21: 全職 | I21: 在職 | J21: 45454 | L21: =IF(ISBLANK(K21),"",MONTH(K21)&"月"&DAY(K21)&"日") | M21: 出勤規則(非固定時間,排班制) | N21: 正職人員休假規則 | O21: 已綁定 | P21: 是 | Q21: 幼兒部 | R21: 02
A22: E06 | B22: 楊雅甄 | C22: caota811007@yahoo.com.tw | D22: 教保員 | E22: 教保人員 | F22: 幼兒部 | G22: 教保首頁 | H22: 全職 | I22: 在職 | J22: 45859 | L22: =IF(ISBLANK(K22),"",MONTH(K22)&"月"&DAY(K22)&"日") | M22: 出勤規則(非固定時間,排班制) | N22: 正職人員休假規則 | O22: 已綁定 | P22: 是 | Q22: 幼兒部 | R22: 02
A23: E16 | B23: 倪學翠 | C23: vickyni501@gmail.com | D23: 教保員 | E23: 教保人員 | F23: 幼兒部 | G23: 教保首頁 | H23: 全職 | I23: 在職 | J23: 44039 | L23: =IF(ISBLANK(K23),"",MONTH(K23)&"月"&DAY(K23)&"日") | M23: 出勤規則(非固定時間,排班制) | N23: 正職人員休假規則 | O23: 已綁定 | P23: 是 | Q23: 幼兒部 | R23: 02
A24: E02 | B24: 劉羽晴 | C24: ching082325@gmail.com | D24: 教保員 | E24: 教保人員 | F24: 幼兒部 | G24: 教保首頁 | H24: 全職 | I24: 在職 | J24: 45866 | L24: =IF(ISBLANK(K24),"",MONTH(K24)&"月"&DAY(K24)&"日") | M24: 出勤規則(非固定時間,排班制) | N24: 正職人員休假規則 | O24: 已綁定 | P24: 是 | Q24: 幼兒部 | R24: 02
A25: E11 | B25: 陳憶馨 | C25: yappy8211925@gmail.com | D25: 教保員 | E25: 教保人員 | F25: 幼兒部 | G25: 教保首頁 | H25: 全職 | I25: 在職 | J25: 44943 | L25: =IF(ISBLANK(K25),"",MONTH(K25)&"月"&DAY(K25)&"日") | M25: 出勤規則(非固定時間,排班制) | N25: 正職人員休假規則 | O25: 已綁定 | P25: 是 | Q25: 幼兒部 | R25: 02
A26: E09 | B26: 葉秀敏 | C26: much4955@yahoo.com.tw | D26: 教保員 | E26: 教保人員 | F26: 幼兒部 | G26: 教保首頁 | H26: 全職 | I26: 在職 | J26: 45154 | L26: =IF(ISBLANK(K26),"",MONTH(K26)&"月"&DAY(K26)&"日") | M26: 出勤規則(非固定時間,排班制) | N26: 正職人員休假規則 | O26: 已綁定 | P26: 是 | Q26: 幼兒部 | R26: 02
A27: P02 | B27: 江謝惠菁 | C27: ching630924@yahoo.com.tw | D27: 教保員 | E27: 教保人員 | F27: 安親部 | G27: 教保首頁 | H27: 全職 | I27: 在職 | J27: 37834 | L27: =IF(ISBLANK(K27),"",MONTH(K27)&"月"&DAY(K27)&"日") | M27: 出勤規則(非固定時間,排班制) | N27: 正職人員休假規則 | O27: 已綁定 | P27: 是 | Q27: 安親部 | R27: 02
A28: E05 | B28: 黃雯君 | C28: k2825702@yahoo.com.tw | D28: 教保員 | E28: 教保人員 | F28: 幼兒部 | G28: 教保首頁 | H28: 全職 | I28: 在職 | J28: 44039 | L28: =IF(ISBLANK(K28),"",MONTH(K28)&"月"&DAY(K28)&"日") | M28: 出勤規則(非固定時間,排班制) | N28: 正職人員休假規則 | O28: 已綁定 | P28: 是 | Q28: 幼兒部 | R28: 02
... A31: P01 | B31: 吳玉華 | C31: eva19730@yahoo.com.tw | D31: 安親主任 | E31: 教保人員 | F31: 安親部 | G31: 教保首頁 | H31: 全職 | I31: 在職 | J31: 36251 | L31: =IF(ISBLANK(K31),"",MONTH(K31)&"月"&DAY(K31)&"日") | M31: 出勤規則(非固定時間,排班制) | N31: 正職人員休假規則 | O31: 已綁定 | P31: 是 | Q31: 安親部 | R31: 02

Sheet 生日名單
A1: 姓名 | B1: 編組 | C1: 職稱 | D1: 生日 | E1: 生日顯示 | F1: 本月壽星 | G1: 備註
A2: =員工主檔!B2 -> 徐美惠 | B2: =員工主檔!F2 -> 幼兒部 | C2: =員工主檔!D2 -> 教保員 | D2: =IF(ISBLANK(員工主檔!K2),"",員工主檔!K2) | E2: =員工主檔!L2 | F2: =IF(D2="","",IF(MONTH(D2)=MONTH(TODAY()),"本月",""))
A3: =員工主檔!B3 -> 羅易文 | B3: =員工主檔!F3 -> 庶務組 | C3: =員工主檔!D3 -> 戶外維護 | D3: =IF(ISBLANK(員工主檔!K3),"",員工主檔!K3) | E3: =員工主檔!L3 | F3: =IF(D3="","",IF(MONTH(D3)=MONTH(TODAY()),"本月",""))
A4: =員工主檔!B4 -> 王藝蓉 | B4: =員工主檔!F4 -> 安親部 | C4: =員工主檔!D4 -> 教保員 | D4: =IF(ISBLANK(員工主檔!K4),"",員工主檔!K4) | E4: =員工主檔!L4 | F4: =IF(D4="","",IF(MONTH(D4)=MONTH(TODAY()),"本月",""))
A5: =員工主檔!B5 -> 劉淑娟 | B5: =員工主檔!F5 -> 庶務組 | C5: =員工主檔!D5 -> 廚工 | D5: =IF(ISBLANK(員工主檔!K5),"",員工主檔!K5) | E5: =員工主檔!L5 | F5: =IF(D5="","",IF(MONTH(D5)=MONTH(TODAY()),"本月",""))
A6: =員工主檔!B6 -> 謝惠珍 | B6: =員工主檔!F6 -> 庶務組 | C6: =員工主檔!D6 -> 廚工 | D6: =IF(ISBLANK(員工主檔!K6),"",員工主檔!K6) | E6: =員工主檔!L6 | F6: =IF(D6="","",IF(MONTH(D6)=MONTH(TODAY()),"本月",""))
A7: =員工主檔!B7 -> 張羽涵 | B7: =員工主檔!F7 -> 幼兒部 | C7: =員工主檔!D7 -> 教保員 | D7: =IF(ISBLANK(員工主檔!K7),"",員工主檔!K7) | E7: =員工主檔!L7 | F7: =IF(D7="","",IF(MONTH(D7)=MONTH(TODAY()),"本月",""))
A8: =員工主檔!B8 -> 陳子盼 | B8: =員工主檔!F8 -> 幼兒部 | C8: =員工主檔!D8 -> 教保員 | D8: =IF(ISBLANK(員工主檔!K8),"",員工主檔!K8) | E8: =員工主檔!L8 | F8: =IF(D8="","",IF(MONTH(D8)=MONTH(TODAY()),"本月",""))
A9: =員工主檔!B9 -> 陳淑蓉 | B9: =員工主檔!F9 -> 幼兒部 | C9: =員工主檔!D9 -> 教保員 | D9: =IF(ISBLANK(員工主檔!K9),"",員工主檔!K9) | E9: =員工主檔!L9 | F9: =IF(D9="","",IF(MONTH(D9)=MONTH(TODAY()),"本月",""))
A10: =員工主檔!B10 -> 謝子元 | B10: =員工主檔!F10 -> 行政組 | C10: =員工主檔!D10 -> 負責人 | D10: =IF(ISBLANK(員工主檔!K10),"",員工主檔!K10) | E10: =員工主檔!L10 | F10: =IF(D10="","",IF(MONTH(D10)=MONTH(TODAY()),"本月",""))
A11: =員工主檔!B11 -> 吳玉瑩 | B11: =員工主檔!F11 -> 行政組 | C11: =員工主檔!D11 -> 園長 | D11: =IF(ISBLANK(員工主檔!K11),"",員工主檔!K11) | E11: =員工主檔!L11 | F11: =IF(D11="","",IF(MONTH(D11)=MONTH(TODAY()),"本月",""))
A12: =員工主檔!B12 -> 呂昭慧 | B12: =員工主檔!F12 -> 幼兒部 | C12: =員工主檔!D12 -> 教保員 | D12: =IF(ISBLANK(員工主檔!K12),"",員工主檔!K12) | E12: =員工主檔!L12 | F12: =IF(D12="","",IF(MONTH(D12)=MONTH(TODAY()),"本月",""))
A13: =員工主檔!B13 -> 呂綉萍 | B13: =員工主檔!F13 -> 幼兒部 | C13: =員工主檔!D13 -> 教學組長 | D13: =IF(ISBLANK(員工主檔!K13),"",員工主檔!K13) | E13: =員工主檔!L13 | F13: =IF(D13="","",IF(MONTH(D13)=MONTH(TODAY()),"本月",""))
... A31: =員工主檔!B31 -> 吳玉華 | B31: =員工主檔!F31 -> 安親部 | C31: =員工主檔!D31 -> 安親主任 | D31: =IF(ISBLANK(員工主檔!K31),"",員工主檔!K31) | E31: =員工主檔!L31 | F31: =IF(D31="","",IF(MONTH(D31)=MONTH(TODAY()),"本月",""))

Sheet 編組與規則
A1: 類別 | B1: 可選值 | C1: 說明 | E1: 生日欄位保護原則
A2: 身分類別 | B2: 管理層 | C2: 可查看管理、出勤、公告、巡堂等管理功能 | E2: 系統內部 | F2: 可保留完整生日 | G2: 例如 1985/07/18 | H2: 供排序與提醒
A3: 身分類別 | B3: 教保人員 | C3: 幼兒部與安親部的教保相關人員 | E3: 一般首頁 | F3: 只顯示月日 | G3: 例如 7月18日 | H3: 不顯示出生年份
A4: 身分類別 | B4: 庶務人員 | C4: 廚工、清潔、戶外維護等 | E4: 公告內容 | F4: 不顯示年齡 | G4: 只寫生日祝福 | H4: 避免透露年齡
A5: 編組 | B5: 行政組 | C5: 負責人、園長、主任等 | E5: 管理建議 | F5: 生日資料視為個資 | G5: 只開放必要管理人員維護
A6: 編組 | B6: 幼兒部 | C6: 幼兒部教保人員
A7: 編組 | B7: 安親部 | C7: 安親部教保人員
A8: 編組 | B8: 庶務組 | C8: 廚工、清潔、戶外維護等
A9: 首頁類型 | B9: 管理首頁 | C9: 管理層登入後導向
A10: 首頁類型 | B10: 教保首頁 | C10: 幼兒部、安親部登入後導向
A11: 首頁類型 | B11: 庶務首頁 | C11: 庶務人員登入後導向
A12: 是否可登入 | B12: 是 | C12: 在職且帳號啟用
A13: 是否可登入 | B13: 否 | C13: 離職、停用或暫不開放

Sheet 原始資料
D1: 帳號登入方式 | F1: 基本資料 | O1: 聯絡資料 | W1: 緊急聯絡人 | AB1: 帳號設定 | AD1: 其他 | AE1: 職務資料 | AM1: 職務狀態 | AT1: 規則設定 | AW1: 學歷 | BE1: LINE
A2: 員工編號 | B2: 姓氏 | C2: 名字 | D2: 登入電子信箱 | E2: 登入手機號碼 | F2: 身分證字號 | G2: 出生年月日 | H2: 性別 | I2: 國籍 | J2: 婚姻狀態 | K2: 身份族群 | L2: 兵役狀態 | M2: 退伍日期 | N2: 身障類別 | O2: 公司電子信箱 | P2: 公司電話 | Q2: 公司分機 | R2: 住家電話 | S2: 手機 | T2: 私人電子郵件 | U2: 戶籍地址 | V2: 通訊地址 | W2: 緊急聯絡人姓名 | X2: 緊急聯絡人關係 | Y2: 緊急聯絡人電話 | Z2: 緊急聯絡人手機 | AA2: 緊急聯絡人備註 | AB2: 啟用帳號 | AC2: 預設時區 | AD2: 人資備註 | AE2: 員工職稱 | AF2: 員工類型 | AG2: 部門 | AH2: 直屬主管員編 | AI2: 職位 | AJ2: 職等 | AK2: 職務代理人 | AL2: 部分工時勞工 | AM2: 職務狀態 | AN2: 到職日期 | AO2: 試用期滿日 | AP2: 年資調整 | AQ2: 離職最後工作日 | AR2: 離職原因 | AS2: 人資備註2 | AT2: 出勤規則 | AU2: 請假規則 | AV2: 行事曆 | AW2: 學歷類別 | AX2: 學校名稱 | AY2: 科系 | AZ2: 就學狀態 | BA2: 就學開始日期 | BB2: 就學結束日期 | BC2: 最高學歷 | BD2: 備註 | BE2: 官方LINE帳號
A3: E08 | B3: 徐 | C3: 美惠 | D3: a550901g@yahoo.com.tw | H3: 女 | O3: a550901g@yahoo.com.tw | AB3: 啟用 | AE3: 教保員 | AF3: 全職 | AG3: 幼兒部 | AH3: 02 | AI3: 非管理職 | AL3: 否 | AM3: 在職 | AN3: 2022/07/29 | AP3: 不調整 | AT3: 出勤規則(非固定時間,排班制) | AU3: 正職人員休假規則 | AV3: 人事行政局行事曆 | BE3: 已綁定
A4: O02 | B4: 羅 | C4: 易文 | D4: loyiwe67@yahoo.com | H4: 男 | O4: loyiwe67@yahoo.com | AB4: 啟用 | AE4: 戶外維護 | AF4: 兼職 | AG4: 行政部 | AH4: 01 | AI4: 非管理職 | AL4: 是 | AM4: 在職 | AN4: 2023/07/21 | AP4: 不調整 | AT4: 時薪人員 | AU4: 時薪人員 | AV4: 人事行政局行事曆 | BE4: 已綁定
A5: P04 | B5: 王 | C5: 藝蓉 | D5: wang76920@yahoo.com.tw | H5: 女 | O5: wang76920@yahoo.com.tw | AB5: 啟用 | AE5: 教保員 | AF5: 全職 | AG5: 安親部 | AH5: 02 | AI5: 非管理職 | AL5: 否 | AM5: 在職 | AN5: 2021/10/14 | AP5: 不調整 | AT5: 出勤規則(非固定時間,排班制) | AU5: 正職人員休假規則 | AV5: 人事行政局行事曆 | BE5: 已綁定
A6: O03 | B6: 劉 | C6: 淑娟 | D6: lsg53216@gmail.com | H6: 女 | O6: lsg53216@gmail.com | AB6: 啟用 | AE6: 廚工 | AF6: 全職 | AG6: 行政部 | AH6: 01 | AI6: 非管理職 | AL6: 否 | AM6: 在職 | AN6: 2025/02/01 | AP6: 不調整 | AT6: 出勤規則(非固定時間,排班制) | AU6: 正職人員休假規則 | AV6: 人事行政局行事曆 | BE6: 已綁定
A7: O01 | B7: 謝 | C7: 惠珍 | D7: a0919951622@gmail.com | H7: 女 | O7: a0919951622@gmail.com | AB7: 啟用 | AE7: 廚工 | AF7: 全職 | AG7: 行政部 | AH7: 01 | AI7: 非管理職 | AL7: 否 | AM7: 在職 | AN7: 2023/07/21 | AP7: 不調整 | AT7: 出勤規則(非固定時間,排班制) | AU7: 正職人員休假規則 | AV7: 人事行政局行事曆 | BE7: 已綁定
A8: E19 | B8: 張 | C8: 羽涵 | D8: hannah0126015@gmail.com | O8: hannah0126015@gmail.com | AB8: 啟用 | AE8: 教保員 | AF8: 全職 | AG8: 幼兒部 | AL8: 否 | AM8: 在職 | AN8: 2025/07/31 | AP8: 不調整 | AT8: 出勤規則(非固定時間,排班制) | AU8: 正職人員休假規則 | AV8: 人事行政局行事曆 | BE8: 已綁定
A9: E15 | B9: 陳 | C9: 子盼 | D9: chenzipan44@gmail.com | H9: 女 | I9: 台灣 | K9: 原住民 | O9: chenzipan44@gmail.com | AB9: 啟用 | AE9: 教保員 | AF9: 全職 | AG9: 幼兒部 | AH9: 02 | AI9: 非管理職 | AL9: 否 | AM9: 在職 | AN9: 2024/05/10 | AP9: 不調整 | AT9: 出勤規則(非固定時間,排班制) | AU9: 正職人員休假規則 | AV9: 人事行政局行事曆 | BE9: 已綁定
A10: E03 | B10: 陳 | C10: 淑蓉 | D10: ss4563tw@gmail.com | H10: 女 | I10: 台灣 | K10: 原住民 | O10: ss4563tw@gmail.com | AB10: 啟用 | AE10: 教保員 | AF10: 全職 | AG10: 幼兒部 | AH10: 02 | AI10: 非管理職 | AL10: 否 | AM10: 在職 | AN10: 2017/08/01 | AP10: 不調整 | AT10: 出勤規則(非固定時間,排班制) | AU10: 正職人員休假規則 | AV10: 人事行政局行事曆 | BE10: 已綁定
A11: 01 | B11: 謝 | C11: 子元 | D11: jack159966@gmail.com | H11: 男 | O11: jack159966@gmail.com | AB11: 啟用 | AE11: 負責人 | AF11: 全職 | AI11: 高階主管 | AJ11: 負責人 | AL11: 否 | AM11: 在職 | AN11: 1994/08/01 | AP11: 不調整 | AT11: 出勤規則(每週固定時間上下班) | AU11: 正職人員休假規則 | AV11: 人事行政局行事曆 | BE11: 已綁定
A12: 02 | B12: 吳 | C12: 玉瑩 | D12: r89110041@yahoo.com.tw | H12: 女 | O12: r89110041@yahoo.com.tw | AB12: 啟用 | AE12: 園長 | AF12: 全職 | AG12: 行政部 | AH12: 01 | AI12: 高階主管 | AJ12: 園長 | AL12: 否 | AM12: 在職 | AN12: 1994/08/01 | AP12: 不調整 | AT12: 出勤規則(非固定時間,排班制) | AU12: 正職人員休假規則 | AV12: 人事行政局行事曆 | BE12: 已綁定
A13: E04 | B13: 呂 | C13: 昭慧 | D13: a0911208066@gmail.com | H13: 女 | O13: a0911208066@gmail.com | AB13: 啟用 | AE13: 教保員 | AF13: 全職 | AG13: 幼兒部 | AH13: 02 | AI13: 非管理職 | AL13: 否 | AM13: 在職 | AN13: 1999/01/01 | AP13: 不調整 | AT13: 出勤規則(非固定時間,排班制) | AU13: 正職人員休假規則 | AV13: 人事行政局行事曆 | BE13: 已綁定
A14: E01 | B14: 呂 | C14: 綉萍 | D14: d20016237@gmail.com | H14: 女 | O14: d20016237@gmail.com | AB14: 啟用 | AE14: 教學組長 | AF14: 全職 | AG14: 幼兒部 | AH14: 02 | AI14: 非管理職 | AL14: 否 | AM14: 在職 | AN14: 2002/09/01 | AP14: 不調整 | AT14: 出勤規則(非固定時間,排班制) | AU14: 正職人員休假規則 | AV14: 人事行政局行事曆 | BE14: 已綁定
A15: E13 | B15: 林 | C15: 恬寧 | D15: a0955708342@gmail.com | H15: 女 | O15: a0955708342@gmail.com | AB15: 啟用 | AE15: 教保員 | AF15: 全職 | AG15: 幼兒部 | AH15: 02 | AI15: 非管理職 | AL15: 否 | AM15: 在職 | AN15: 2018/08/08 | AP15: 不調整 | AT15: 出勤規則(非固定時間,排班制) | AU15: 正職人員休假規則 | AV15: 人事行政局行事曆 | BE15: 已綁定
A16: E07 | B16: 許 | C16: 芸瑄 | D16: wandy91012349@gmail.com | H16: 女 | O16: wandy91012349@gmail.com | AB16: 啟用 | AE16: 教保員 | AF16: 全職 | AG16: 幼兒部 | AH16: 02 | AI16: 非管理職 | AL16: 否 | AM16: 在職 | AN16: 2024/07/01 | AP16: 不調整 | AT16: 出勤規則(非固定時間,排班制) | AU16: 正職人員休假規則 | AV16: 人事行政局行事曆 | BE16: 已綁定
A17: 03 | B17: 謝 | C17: 秉儒 | D17: jm104032@gmail.com | G17: 1996/10/04 | H17: 男 | O17: jm104032@gmail.com | AB17: 啟用 | AE17: 主任 | AF17: 全職 | AG17: 行政部 | AH17: 01 | AI17: 中階主管 | AJ17: 主任 | AL17: 否 | AM17: 在職 | AN17: 2020/08/01 | AP17: 不調整 | AT17: 出勤規則(非固定時間,排班制) | AU17: 正職人員休假規則 | AV17: 人事行政局行事曆 | BE17: 已綁定
A18: E17 | B18: 唐 | C18: 巧羚 | D18: Cheer53141@gmail.com | H18: 女 | O18: Cheer53141@gmail.com | AB18: 啟用 | AE18: 教保員 | AF18: 全職 | AG18: 幼兒部 | AH18: 02 | AI18: 非管理職 | AL18: 否 | AM18: 在職 | AN18: 2018/05/26 | AP18: 不調整 | AT18: 出勤規則(非固定時間,排班制) | AU18: 正職人員休假規則 | AV18: 人事行政局行事曆 | BE18: 已綁定
A19: E18 | B19: 張 | C19: 庭瑄 | D19: amy8558tw9@gmail.com | H19: 女 | O19: amy8558tw9@gmail.com | AB19: 啟用 | AE19: 教保員 | AF19: 全職 | AG19: 幼兒部 | AH19: 02 | AI19: 非管理職 | AL19: 否 | AM19: 在職 | AN19: 2018/07/18 | AP19: 不調整 | AT19: 出勤規則(非固定時間,排班制) | AU19: 正職人員休假規則 | AV19: 人事行政局行事曆 | BE19: 已綁定
A20: P03 | B20: 劉 | C20: 艾倫 | D20: a0981133103@gmail.com | H20: 女 | O20: a0981133103@gmail.com | AB20: 啟用 | AE20: 教保員 | AF20: 全職 | AG20: 安親部 | AH20: 02 | AI20: 非管理職 | AL20: 否 | AM20: 在職 | AN20: 2007/08/01 | AP20: 不調整 | AT20: 出勤規則(非固定時間,排班制) | AU20: 正職人員休假規則 | AV20: 人事行政局行事曆 | BE20: 已綁定
A21: P05 | B21: 許 | C21: 嘉芸 | D21: h1000110@yahoo.com.tw | H21: 女 | O21: h1000110@yahoo.com.tw | AB21: 啟用 | AE21: 教保員 | AF21: 全職 | AG21: 安親部 | AH21: 02 | AI21: 非管理職 | AL21: 否 | AM21: 在職 | AN21: 2019/08/01 | AP21: 不調整 | AT21: 出勤規則(非固定時間,排班制) | AU21: 正職人員休假規則 | AV21: 人事行政局行事曆 | BE21: 已綁定
A22: E14 | B22: 許 | C22: 亞霖 | D22: xu6148610@gmail.com | H22: 女 | O22: xu6148610@gmail.com | AB22: 啟用 | AE22: 教保員 | AF22: 全職 | AG22: 幼兒部 | AH22: 02 | AI22: 非管理職 | AL22: 否 | AM22: 在職 | AN22: 2024/06/11 | AP22: 不調整 | AT22: 出勤規則(非固定時間,排班制) | AU22: 正職人員休假規則 | AV22: 人事行政局行事曆 | BE22: 已綁定
A23: E06 | B23: 楊 | C23: 雅甄 | D23: caota811007@yahoo.com.tw | H23: 女 | O23: caota811007@yahoo.com.tw | AB23: 啟用 | AE23: 教保員 | AF23: 全職 | AG23: 幼兒部 | AH23: 02 | AI23: 非管理職 | AL23: 否 | AM23: 在職 | AN23: 2025/07/21 | AP23: 不調整 | AT23: 出勤規則(非固定時間,排班制) | AU23: 正職人員休假規則 | AV23: 人事行政局行事曆 | BE23: 已綁定
A24: E16 | B24: 倪 | C24: 學翠 | D24: vickyni501@gmail.com | H24: 女 | O24: vickyni501@gmail.com | AB24: 啟用 | AE24: 教保員 | AF24: 全職 | AG24: 幼兒部 | AH24: 02 | AI24: 非管理職 | AL24: 否 | AM24: 在職 | AN24: 2020/07/27 | AP24: 不調整 | AT24: 出勤規則(非固定時間,排班制) | AU24: 正職人員休假規則 | AV24: 人事行政局行事曆 | BE24: 已綁定
A25: E02 | B25: 劉 | C25: 羽晴 | D25: ching082325@gmail.com | H25: 女 | O25: ching082325@gmail.com | AB25: 啟用 | AE25: 教保員 | AF25: 全職 | AG25: 幼兒部 | AH25: 02 | AI25: 非管理職 | AL25: 否 | AM25: 在職 | AN25: 2025/07/28 | AP25: 不調整 | AT25: 出勤規則(非固定時間,排班制) | AU25: 正職人員休假規則 | AV25: 人事行政局行事曆 | BE25: 已綁定
A26: E11 | B26: 陳 | C26: 憶馨 | D26: yappy8211925@gmail.com | H26: 女 | O26: yappy8211925@gmail.com | AB26: 啟用 | AE26: 教保員 | AF26: 全職 | AG26: 幼兒部 | AH26: 02 | AI26: 非管理職 | AL26: 否 | AM26: 在職 | AN26: 2023/01/17 | AP26: 不調整 | AT26: 出勤規則(非固定時間,排班制) | AU26: 正職人員休假規則 | AV26: 人事行政局行事曆 | BE26: 已綁定
A27: E09 | B27: 葉 | C27: 秀敏 | D27: much4955@yahoo.com.tw | H27: 女 | O27: much4955@yahoo.com.tw | AB27: 啟用 | AE27: 教保員 | AF27: 全職 | AG27: 幼兒部 | AH27: 02 | AI27: 非管理職 | AL27: 否 | AM27: 在職 | AN27: 2023/08/16 | AP27: 不調整 | AT27: 出勤規則(非固定時間,排班制) | AU27: 正職人員休假規則 | AV27: 人事行政局行事曆 | BE27: 已綁定
A28: P02 | B28: 江謝 | C28: 惠菁 | D28: ching630924@yahoo.com.tw | H28: 女 | O28: ching630924@yahoo.com.tw | AB28: 啟用 | AE28: 教保員 | AF28: 全職 | AG28: 安親部 | AH28: 02 | AI28: 非管理職 | AL28: 否 | AM28: 在職 | AN28: 2003/08/01 | AP28: 不調整 | AT28: 出勤規則(非固定時間,排班制) | AU28: 正職人員休假規則 | AV28: 人事行政局行事曆 | BE28: 已綁定
A29: E05 | B29: 黃 | C29: 雯君 | D29: k2825702@yahoo.com.tw | H29: 女 | O29: k2825702@yahoo.com.tw | AB29: 啟用 | AE29: 教保員 | AF29: 全職 | AG29: 幼兒部 | AH29: 02 | AI29: 非管理職 | AL29: 否 | AM29: 在職 | AN29: 2020/07/27 | AP29: 不調整 | AT29: 出勤規則(非固定時間,排班制) | AU29: 正職人員休假規則 | AV29: 人事行政局行事曆 | BE29: 已綁定
... A31: E12 | B31: 鄭 | C31: 憶茹 | D31: s23623680@yahoo.com.tw | H31: 女 | O31: s23623680@yahoo.com.tw | AB31: 啟用 | AE31: 教保員 | AF31: 全職 | AG31: 幼兒部 | AH31: 02 | AI31: 非管理職 | AL31: 否 | AM31: 在職 | AN31: 2023/10/01 | AP31: 不調整 | AT31: 出勤規則(非固定時間,排班制) | AU31: 正職人員休假規則 | AV31: 人事行政局行事曆 | BE31: 已綁定
A32: P01 | B32: 吳 | C32: 玉華 | D32: eva19730@yahoo.com.tw | H32: 女 | O32: eva19730@yahoo.com.tw | AB32: 啟用 | AE32: 安親主任 | AF32: 全職 | AG32: 安親部 | AH32: 02 | AI32: 中階主管 | AJ32: 主任 | AL32: 否 | AM32: 在職 | AN32: 1999/04/01 | AP32: 不調整 | AT32: 出勤規則(非固定時間,排班制) | AU32: 正職人員休假規則 | AV32: 人事行政局行事曆 | BE32: 已綁定
